Product Name,UPC,Price,Image,SKU
METAL SHOWER CADDY,UPC: 884191027547,$ 1.25,showFullImage('/inc/goimage.php?sndimageURL=/dat/aa34c0b59b3d99273514937d8dae466c_w530_h530_sc.JPG');,SKU: HSH2754
"1.5"" POLYESTER PAINT BRUSH",UPC: 884191010952,$ 0.55,showFullImage('/inc/goimage.php?sndimageURL=/dat/9e641b60c3d9af4230687d8ed388cc58_w530_h530_sc.JPG');,SKU: PT1095
4 PCS STAINLESS STEEL ADHESIVE HOOKS,UPC: 884191028995,$ 0.75,showFullImage('/inc/goimage.php?sndimageURL=/dat/7120d40369caffc75c7fe58ce7de1afe_w530_h530_sc.JPG');,SKU: HSH2899
5 PCS POLYESTER PAINT BRUSH SET,UPC: 884191012024,$ 2.00,showFullImage('/inc/goimage.php?sndimageURL=/dat/c899d145792ddc697f83f8c3ff16b460_w530_h530_sc.JPG');,SKU: PT1202
"6""X8"" SHELF BRACKET BLACK",UPC: 884191013472,$ 0.75,showFullImage('/inc/goimage.php?sndimageURL=/dat/d288f32c8c26287cb5db69e954db9941_w530_h530_sc.JPG');,SKU: CC1347
"2"" POLYESTER PAINT BRUSH",UPC: 884191010969,$ 0.70,showFullImage('/inc/goimage.php?sndimageURL=/dat/0fc234eabf535d189590b14f2017a2c6_w530_h530_sc.JPG');,SKU: PT1096
"WIRE & ROPE CLIPS 1/2""",UPC: 884191027318,$ 0.85,showFullImage('/inc/goimage.php?sndimageURL=/dat/b4bbff0e2dd9f82e082d529393d7e1ce_w530_h530_sc.JPG');,SKU: CC2731
"7.5"" CABLE TIE 60PC",UPC: 884191019412,$ 0.75,showFullImage('/inc/goimage.php?sndimageURL=/dat/c240bdda754178073b9cb5fac5694f6e_w530_h530_sc.JPG');,SKU: CT1941
"BASIN STOPPER 1""-1-3/8""",UPC: 884191008812,$ 0.50,showFullImage('/inc/goimage.php?sndimageURL=/dat/e36dbe4780ae89b1b64eba260b014921_w530_h530_sc.JPG');,SKU: CH881
SYPHON PUMP,UPC: 884191020838,$ 0.95,showFullImage('/inc/goimage.php?sndimageURL=/dat/97c243c1609fc29873d118e239cadba6_w530_h530_sc.JPG');,SKU: AF2083
L-19 KNIFE CUTTER WITH SCREW LOCK,UPC: 884191019436,$ 0.80,showFullImage('/inc/goimage.php?sndimageURL=/dat/f68b674ce6163443e7a51f6807dfd491_w530_h530_sc.JPG');,SKU: CS1943
5 PACK TUBLESS TIRE REPAIR REFILLS,UPC: 884191026564,$ 0.85,showFullImage('/inc/goimage.php?sndimageURL=/dat/bf018429f191708da0a05570b3cea797_w530_h530_sc.JPG');,SKU: AF2656
"70 PC ASST SCREW,NAILS,NUTS IN PLASTIC BOX",UPC: 884191028513,$ 0.70,showFullImage('/inc/goimage.php?sndimageURL=/dat/01a8e181114b05c69e8e342a88f4e597_w530_h530_sc.JPG');,SKU: CC2851
"9.5"" LINT FREE ROLLER REFILL",UPC: 884191023860,$ 0.80,showFullImage('/inc/goimage.php?sndimageURL=/dat/dcf4e8edf757c718691f35d4509518c3_w530_h530_sc.JPG');,SKU: PT2386
2 PC UTILITY HOOKS,UPC: 884191019733,$ 0.70,showFullImage('/inc/goimage.php?sndimageURL=/dat/096603beb3402b70432d4fa7a1282cb3_w530_h530_sc.JPG');,SKU: HSH1973
"12""X14"" SHELF BRACKET 2PC BLACK",UPC: 884191028308,$ 1.65,showFullImage('/inc/goimage.php?sndimageURL=/dat/89863f1bed78c6b7455acbfe7f30942e_w530_h530_sc.JPG');,SKU: CC2830
102PC WASHER ASST. IN PLASTIC BOX,UPC: 884191021415,$ 0.70,showFullImage('/inc/goimage.php?sndimageURL=/dat/8078201d9c9047180689f7806badf408_w530_h530_sc.JPG');,SKU: CC2141
2 PCS UTILITY KNIFE SET,UPC: 884191017524,$ 0.95,showFullImage('/inc/goimage.php?sndimageURL=/dat/f7d5df10348f556e122e46791fd84861_w530_h530_sc.JPG');,SKU: CS1752
94 PC METAL LOCK WASHERS IN PLASTIC BOX,UPC: 884191028520,$ 0.70,showFullImage('/inc/goimage.php?sndimageURL=/dat/3cbdb862161bd10d9e69a3dd9c196e65_w530_h530_sc.JPG');,SKU: CC2852
"9.5"" ROLLER FRAME HANDLE",UPC: 884191017784,$ 0.85,showFullImage('/inc/goimage.php?sndimageURL=/dat/b24762eda8d97b39dc921743f32e48c2_w530_h530_sc.JPG');,SKU: PT1778
3 PAIR EAR PLUGS,UPC: 884191028247,$ 0.65,showFullImage('/inc/goimage.php?sndimageURL=/dat/8d487a785eb0555ce5e726c9f06ba82e_w530_h530_sc.JPG');,SKU: VO2824
FLAT BLACK AEROSOL PAINT SPRAY 12OZ,UPC: 884191005552,$ 1.95,showFullImage('/inc/goimage.php?sndimageURL=/dat/890eb0ca3588526d6d4b13336a0b0d64_w530_h530_sc.JPG');,SKU: XTT001
"3PC 9.5"" PVC PAINT ROLLERS VALUE PACK",UPC: 884191021675,$ 1.95,showFullImage('/inc/goimage.php?sndimageURL=/dat/b482b5cee223aa56e491d85240fbf77f_w530_h530_sc.JPG');,SKU: PT2167
"3 PC PAINT BRUSH SET 1"",1.5"",2""",UPC: 884191020029,$ 0.85,showFullImage('/inc/goimage.php?sndimageURL=/dat/e88f70968fc618df619a69c83038e36b_w530_h530_sc.JPG');,SKU: PT2002
"2"" RUBBER SINK STOPER",UPC: 8841910088290,$ 0.55,showFullImage('/inc/goimage.php?sndimageURL=/dat/65fc0e7de1cb5147f1f75d852ef6d83a_w530_h530_sc.JPG');,SKU: CC882
16OZ CLAW HAMMER FIBER HANDLE,UPC: 884191020876,$ 2.15,showFullImage('/inc/goimage.php?sndimageURL=/dat/e4930a5c4ee4d1174a61785f455a1dc3_w530_h530_sc.JPG');,SKU: HAM2087
BLACK ACRYLIC LATEX PAINT HP,UPC: 724504050001,$ 1.20,showFullImage('/inc/goimage.php?sndimageURL=/dat/4f4fb4727006926082ee53c366e25858_w530_h530_sc.JPG');,SKU: XTO002
"BATHTUB STOPPER 1-1/2""-2""",UPC: 884191008829,$ 0.60,showFullImage('/inc/goimage.php?sndimageURL=/dat/82739592e5fae1ffa667d75890c74264_w530_h530_sc.JPG');,SKU: CH882
GLOSS BLACK AEROSOL PAINT SPRAY 12OZ,UPC: 6542,$ 1.95,showFullImage('/inc/goimage.php?sndimageURL=/dat/3411ae2da44b2a173cb113be15720eb7_w530_h530_sc.JPG');,SKU: XTT001A
"4"" PAINT ROLLER WITH REFILL",UPC: 884191021705,$ 1.10,showFullImage('/inc/goimage.php?sndimageURL=/dat/3ff1e1a1f8d79aea868e731ef2542a9e_w530_h530_sc.JPG');,SKU: PT2170
TIN HANDLE BRUSHES,UPC: 884191022450,$ 0.75,showFullImage('/inc/goimage.php?sndimageURL=/dat/31e667e50e34b2817911f12e2b00f130_w530_h530_sc.JPG');,SKU: PT2245
PLASTIC ANCHOR + SCREW,UPC: 884191024720,$ 0.75,showFullImage('/inc/goimage.php?sndimageURL=/dat/21adbde00ca72cd3eb2f30f043fa7938_w530_h530_sc.JPG');,SKU: CC2472
10 PC HOSE CLAMP SET,UPC: 884191007556,$ 0.95,showFullImage('/inc/goimage.php?sndimageURL=/dat/f7893ab842610a2cbb5352ea18140e7b_w530_h530_sc.JPG');,SKU: CC755
"9.5"" HEAVY DUTY ROLLER FRAME",UPC: 884191025239,$ 1.95,showFullImage('/inc/goimage.php?sndimageURL=/dat/93bf749e2120879e3720a44cb4f6d6e8_w530_h530_sc.JPG');,SKU: PT2523
GRAY AEROSOL PAINT SPRAY 12OZ,UPC: 884191005415,$ 1.95,showFullImage('/inc/goimage.php?sndimageURL=/dat/0022d3227eb4584c9af8e204c55caebc_w530_h530_sc.JPG');,SKU: XTT006
"9.5"" ROLLER REFILL",UPC: 884191007099,$ 0.70,showFullImage('/inc/goimage.php?sndimageURL=/dat/52a2bf65bbb1581935fa98eb4d313493_w530_h530_sc.JPG');,SKU: PT709
GOLD AEROSOL PAINT SPRAY 12OZ,UPC: 884191005408,$ 1.95,showFullImage('/inc/goimage.php?sndimageURL=/dat/f5bbac98764651abbacfd935257e6a00_w530_h530_sc.JPG');,SKU: XTT005
HOSE CLAMP 6PC SET,UPC: 884191022498,$ 0.95,showFullImage('/inc/goimage.php?sndimageURL=/dat/ecf0b3abd9c910dfe529da3b72e83bad_w530_h530_sc.JPG');,SKU: CC2249
"4"" LONG ROLLER WITH HIGH DENSITY ROLLER",UPC: 884191028131,$ 1.05,showFullImage('/inc/goimage.php?sndimageURL=/dat/9be4dc84352604293a52c2bb3bb426e1_w530_h530_sc.JPG');,SKU: PT2813
RED AEROSOL PAINT SPRAY 12OZ,UPC: 884191005446,$ 1.95,showFullImage('/inc/goimage.php?sndimageURL=/dat/9adc86e8d6ee7fbfa98912a6b1cb1a96_w530_h530_sc.JPG');,SKU: XTT009
"3"" FLAT WHEEL WIRE BRUSH",UPC: 884191022245,$ 1.15,showFullImage('/inc/goimage.php?sndimageURL=/dat/89013097c8100a761b6ffcd0278af8e1_w530_h530_sc.JPG');,SKU: SP2224
"2"" ROUND WHEEL WIRE BRUSH",UPC: 884191022252,$ 1.15,showFullImage('/inc/goimage.php?sndimageURL=/dat/ab104571ac9f2a3ed4b381773141a48a_w530_h530_sc.JPG');,SKU: SP2225
WINDOW & DOOR ALARM,UPC: 884191023655,$ 0.95,showFullImage('/inc/goimage.php?sndimageURL=/dat/4dd3c477c7983869144c3456fa67071e_w530_h530_sc.JPG');,SKU: CC2365
METAL DRAIN BASKET,UPC: 884191020548,$ 0.65,showFullImage('/inc/goimage.php?sndimageURL=/dat/0e0c68f629e0b929d643699864b3ebe8_w530_h530_sc.JPG');,SKU: CCS2054
"15"" JUMBO PLUNGER",UPC: 884191030073,$ 0.95,showFullImage('/inc/goimage.php?sndimageURL=/dat/fc2b41fe117ed37a8b7c6165e2971bec_w530_h530_sc.JPG');,SKU: CC3007
2 PCS WOOD MOUSE TRAP DELUX,UPC: 884191029220,$ 0.75,showFullImage('/inc/goimage.php?sndimageURL=/dat/ede5c72e44b0c89e8697474cf91e8e41_w530_h530_sc.JPG');,SKU: CC2922
"1"" FINISH NAILS",UPC: 884191024591,$ 0.85,showFullImage('/inc/goimage.php?sndimageURL=/dat/2fa92263863c970f678c84c189fb4aaf_w530_h530_sc.JPG');,SKU: CC2459
"2""FINISH NAILS",UPC: 884191024607,$ 0.85,showFullImage('/inc/goimage.php?sndimageURL=/dat/56188443f4d979d22b34cd009b360015_w530_h530_sc.JPG');,SKU: CC2460
"1-1 3/8"" RUBBER SINK STOPPER",UPC: 88419100881,$ 0.50,showFullImage('/inc/goimage.php?sndimageURL=/dat/c3a278c0b3ec1046e1c34a85b2c68dba_w530_h530_sc.JPG');,SKU: CC881
8X10(3.05 X2.4M)UTILITY TARPAULIN,UPC: 884191027691,$ 3.25,showFullImage('/inc/goimage.php?sndimageURL=/dat/d100a70ce1c02d8436433f1e00db022e_w530_h530_sc.JPG');,SKU: PT2769
SPRAY AERATOR,UPC: 884191030349,$ 0.75,showFullImage('/inc/goimage.php?sndimageURL=/dat/ee5f441151d44af14a49f87b3584505d_w530_h530_sc.JPG');,SKU: CH3034
"48"" X 72"" TARPAULIN HEAVY DUTY",UPC: 884191019931,$ 1.65,showFullImage('/inc/goimage.php?sndimageURL=/dat/ad2e2eb642db464b967f5f7e3a430e2a_w530_h530_sc.JPG');,SKU: PT1993
13 PCS DRILL BITS SET,UPC: 884191019887,$ 1.40,showFullImage('/inc/goimage.php?sndimageURL=/dat/8a469ca54e5bae08c4f5607071da22aa_w530_h530_sc.JPG');,SKU: DS1988
ALMOND PAINT SPRAY 12OZ,UPC: 724504422037,$ 1.95,showFullImage('/inc/goimage.php?sndimageURL=/dat/99deaf7b5a9082087e4ed4f9565a2089_w530_h530_sc.JPG');,SKU: XTT020
ALUMINUM AEROSOL PAINT SPRAY 12OZ,UPC: 884191005439,$ 1.95,showFullImage('/inc/goimage.php?sndimageURL=/dat/d41d8cd98f00b204e9800998ecf8427e_w530_h530_sc.JPG');,SKU: XTT008
13 FUNCTION FOLDING POCKET KNIFE,UPC: 884191024041,$ 1.60,showFullImage('/inc/goimage.php?sndimageURL=/dat/5f05478674125e6608447e5fe9bc0d6d_w530_h530_sc.JPG');,SKU: CS2404
DELUXE CUTTER KNIFE,UPC: 884191023686,$ 1.00,showFullImage('/inc/goimage.php?sndimageURL=/dat/2523d32f235630f120da63760d969fd9_w530_h530_sc.JPG');,SKU: CS2368
"MASKING TAPE 1""X20M",UPC: 884191023273,$ 0.65,showFullImage('/inc/goimage.php?sndimageURL=/dat/1409ca7f9c1908db1683eb6fcb9b1784_w530_h530_sc.JPG');,SKU: GT2327
BICYCLE MIRROR,UPC: 884191024713,$ 0.95,showFullImage('/inc/goimage.php?sndimageURL=/dat/2d72887c59efb9a3ccdf98b0c929ece7_w530_h530_sc.JPG');,SKU: BCL2471
"6"" SHARPENING STONE",UPC: 884191020760,$ 0.80,showFullImage('/inc/goimage.php?sndimageURL=/dat/56f08d5dcc70cd67f6783ebf728864ed_w530_h530_sc.JPG');,SKU: CS2076
WATERPROOF PAD LOCK,UPC: 884191023426,$ 2.10,showFullImage('/inc/goimage.php?sndimageURL=/dat/cbc5492d6e6216d248e4f2f5dd589978_w530_h530_sc.JPG');,SKU: LS2342
5 PC UTILITY KNIFE BLADE,UPC: 884191023495,$ 0.60,showFullImage('/inc/goimage.php?sndimageURL=/dat/8e3bb5de04ed3de334cfb87c449c6222_w530_h530_sc.JPG');,SKU: CS2349
BICYCLE WHEEL REFLECTORS,UPC: 884191026502,$ 0.70,showFullImage('/inc/goimage.php?sndimageURL=/dat/ef4b55b0e74ee8b76672f8d846a265ec_w530_h530_sc.JPG');,SKU: BCL2650
LED BICYCLE LIGHT WITH HOLDER,UPC: 884191026410,$ 2.45,showFullImage('/inc/goimage.php?sndimageURL=/dat/bbe89f87dfbe75d68a6d0cdbce3394ea_w530_h530_sc.JPG');,SKU: BCL2641
"4"" QUICK ACTION CLAMP",UPC: 884191017814,$ 1.05,showFullImage('/inc/goimage.php?sndimageURL=/dat/8f3e827a352dbc18e450a0c3aa06f4c3_w530_h530_sc.JPG');,SKU: GC1781
3 LED TOUCH LIGHT,UPC: 884191020685,$ 0.90,showFullImage('/inc/goimage.php?sndimageURL=/dat/2dc033f1f1d496565076b9ef3f668c47_w530_h530_sc.JPG');,SKU: FL2068
6-12 V TESTER,UPC: 884191023167,$ 0.65,showFullImage('/inc/goimage.php?sndimageURL=/dat/f625f7b36ccc7f611da4d46eefef27ab_w530_h530_sc.JPG');,SKU: AF2316
FOLDING KNIFE,UPC: 884191028698,$ 0.95,showFullImage('/inc/goimage.php?sndimageURL=/dat/6733556861ca3573d6ab3d388e2af834_w530_h530_sc.JPG');,SKU: CS2869
"9""X12"" CLEAR PLASTIC DROP CLOTH",UPC: 884191019979,$ 0.70,showFullImage('/inc/goimage.php?sndimageURL=/dat/c1207f6a9834c1040742f2f509fceee1_w530_h530_sc.JPG');,SKU: PT1997
"20PC 1""+1-1/2"" FELT PROTECTORS HEAVY DUT",UPC: 884191027769,$ 0.65,showFullImage('/inc/goimage.php?sndimageURL=/dat/fb02468d79e021839559ac20ccf79f5b_w530_h530_sc.JPG');,SKU: CC2776
2 PCS DOOR STOPPER BRASS,UPC: 884191029091,$ 0.85,showFullImage('/inc/goimage.php?sndimageURL=/dat/98c69abeb3b1a50c1515022561915ac7_w530_h530_sc.JPG');,SKU: CC2909
"8"" HEAVY DUTY BOLT",UPC: 884191022795,$ 1.55,showFullImage('/inc/goimage.php?sndimageURL=/dat/96d9437812f2e9cc87a7c57e7893dc9b_w530_h530_sc.JPG');,SKU: CC2279
18PCS MINI FUSE KIT,UPC: 884191026557,$ 0.75,showFullImage('/inc/goimage.php?sndimageURL=/dat/6d9d3a28a858d5d74fb5bcd1eea14de8_w530_h530_sc.JPG');,SKU: AF2655
"2PC 48"" HEAVY DUTY BUNGEE CORD 10MM",UPC: 884191024294,$ 1.45,showFullImage('/inc/goimage.php?sndimageURL=/dat/c8116ef551e43df792d47542a7c69ae5_w530_h530_sc.JPG');,SKU: LS2429
"1"" 4PC CORNER BRACE W SCREW",UPC: 884191013403,$ 0.65,showFullImage('/inc/goimage.php?sndimageURL=/dat/aae031d8bf23db4e79e8a8a413743035_w530_h530_sc.JPG');,SKU: CC1340
FOAM WEATHER STRIP 18/5.5m,UPC: 884191014073,$ 0.70,showFullImage('/inc/goimage.php?sndimageURL=/dat/8b4b5b603a83a7ba06df9bd35ce82dc9_w530_h530_sc.JPG');,SKU: GT1407
6MM PLASTIC ANCHOR 100PC,UPC: 884191020623,$ 0.70,showFullImage('/inc/goimage.php?sndimageURL=/dat/d37464e327cef55c1cac116ae42ea00c_w530_h530_sc.JPG');,SKU: CC2062
65PC NUT & BOLT ASST. IN PLASTIC BOX,UPC: 884191021385,$ 0.70,showFullImage('/inc/goimage.php?sndimageURL=/dat/b3a47796fb249aef3fffd2ecc7e10bd5_w530_h530_sc.JPG');,SKU: CC2138
BROOM WITH HANDLE 120CM,UPC: 02864,$ 1.50,showFullImage('/inc/goimage.php?sndimageURL=/dat/07fda2bf204ffc185ee48b3a1ea76479_w530_h530_sc.JPG');,SKU: 02864
5 PCS CONCRETE DRILL SET,UPC: 884191018118,$ 0.95,showFullImage('/inc/goimage.php?sndimageURL=/dat/acf342683247ee582e29055a2089aeaa_w530_h530_sc.JPG');,SKU: DS1811
8 PC HEX KEY SET,UPC: 884191006849,$ 0.75,showFullImage('/inc/goimage.php?sndimageURL=/dat/0d162845ae109038cb2919f29eb85584_w530_h530_sc.JPG');,SKU: HK684
2 PCS SOFT FOAM WEATHER STRIP,UPC: 884191028636,$ 1.10,showFullImage('/inc/goimage.php?sndimageURL=/dat/92eacdc1bbff66126b810330b466b5d5_w530_h530_sc.JPG');,SKU: GT2863
KEYED ENTRY LOCK SET CHROME PRO,UPC: 884191025901,$ 5.35,showFullImage('/inc/goimage.php?sndimageURL=/dat/08b2a32056354a65a1987b6607959977_w530_h530_sc.JPG');,SKU: LS2590
"GREEN PAINTER TAPE 1"" X 25M",UPC: 884191016633,$ 0.85,showFullImage('/inc/goimage.php?sndimageURL=/dat/e05e40856f2506ffe087b93d5d126ed6_w530_h530_sc.JPG');,SKU: GT1663
8PC FOLDING HEX KEY,UPC: 884191022856,$ 0.80,showFullImage('/inc/goimage.php?sndimageURL=/dat/be266ce1163fee0c5403ce3719a6dc01_w530_h530_sc.JPG');,SKU: HK2285
5PC PVC TAPE ASSORTED COLORS,UPC: 884191006986,$ 0.85,showFullImage('/inc/goimage.php?sndimageURL=/dat/52cb4db934c1ed3e4eb76fdd9f9e9f11_w530_h530_sc.JPG');,SKU: GT698
"6"" DRYWALL SAW",UPC: 884191024508,$ 0.85,showFullImage('/inc/goimage.php?sndimageURL=/dat/0c65792d2647f89755afb2d2b83e0193_w530_h530_sc.JPG');,SKU: HSB2450
4PC 12'HACK SAW BLADE,UPC: 884191022429,$ 0.70,showFullImage('/inc/goimage.php?sndimageURL=/dat/5c9b83fd563a30e66dd3103e361af11e_w530_h530_sc.JPG');,SKU: HSB2242
38MM PADLOCK,UPC: 884191021125,$ 0.95,showFullImage('/inc/goimage.php?sndimageURL=/dat/9b2d568064af75954eb130413a95e151_w530_h530_sc.JPG');,SKU: LS2112
32MM PADLOCK,UPC: 884191021118,$ 0.85,showFullImage('/inc/goimage.php?sndimageURL=/dat/6972eeb76c8c56d0232d606dfcba2bf2_w530_h530_sc.JPG');,SKU: LS2111
10 PC UTILITY HOOKS,UPC: 884191019726,$ 0.85,showFullImage('/inc/goimage.php?sndimageURL=/dat/0aaac1d8e75b4ca03bf2df9a4a6013be_w530_h530_sc.JPG');,SKU: HSH1972
OVER THE DOOR HOOKS #2341,UPC: 884191023419,$ 0.85,showFullImage('/inc/goimage.php?sndimageURL=/dat/9076322bd72dea081b3e0899cbfecf24_w530_h530_sc.JPG');,SKU: HSH2341
3 PC PLASTIC OVER THE DOOR HOOK,UPC: 884191023433,$ 1.05,showFullImage('/inc/goimage.php?sndimageURL=/dat/883ef92615bdb9cb7f284729f75a72a1_w530_h530_sc.JPG');,SKU: HSH2343
4 PC UTILITY HOOKS,UPC: 884191019719,$ 0.70,showFullImage('/inc/goimage.php?sndimageURL=/dat/fe61b0344d3e9959c5270cef2a388be7_w530_h530_sc.JPG');,SKU: HSH1971
2PCS RUBBER DOOR STOPER,UPC: 884191025727,$ 0.70,showFullImage('/inc/goimage.php?sndimageURL=/dat/7460cc0817ae10f8bc9b82289dca0652_w530_h530_sc.JPG');,SKU: CC2572
